{
  "original_stats": {
    "mean": [
      219.47073412698413,
      219.44717261904762,
      219.04761904761904
    ],
    "std": [
      11.564610453329077,
      11.596181079003038,
      11.517744862255734
    ],
    "cv": [
      0.05269317797350548,
      0.052842699865327455,
      0.05258100915377618
    ]
  },
  "corrected_stats": {
    "mean": [
      219.2829760806197,
      219.29333805319487,
      219.30515774410875
    ],
    "std": [
      11.554716885176047,
      11.58805204521076,
      11.531286506813318
    ],
    "cv": [
      0.05269317797350551,
      0.05284269986532742,
      0.05258100915377621
    ]
  },
  "improvements": {
    "cv_improvement": [
      -6.584243132380587e-14,
      6.5656125837546e-14,
      -6.598289016871124e-14
    ],
    "deviation_improvement": [
      -35.475184767635874,
      -27.826871669729915,
      27.041563131420055
    ]
  },
  "correction_factors": [
    0.9991444962030538,
    0.9992989904403046,
    1.0011757201361458
  ]
}