{
  "correction_factors": [
    0.9990891619893092,
    0.9993479200199957,
    1.0012386383115477
  ],
  "error_improvement": 0.012611705176437515,
  "original_total_error": 77800.60017941587,
  "corrected_total_error": 77790.78819709574,
  "cv_improvement": [
    -2.6336972529522344e-14,
    -4.727241060303312e-13,
    8.445809941595039e-13
  ],
  "original_mean": [
    219.47073412698413,
    219.44717261904762,
    219.04761904761904
  ],
  "corrected_mean": [
    219.2708318401055,
    219.30407551111392,
    219.31893982062587
  ],
  "target_deviation_original": [
    0.5292658730158735,
    0.5528273809523796,
    0.9523809523809632
  ],
  "target_deviation_corrected": [
    0.729168159894499,
    0.695924488886078,
    0.6810601793741284
  ]
}